Ranking,Name,Site
1,Innovative Solutions : Top Software Companies in Ghaziabad,https://www.justdial.com/Ghaziabad/Software-Companies/nct-10443565
2,Top Corporate Companies For It in Ghaziabad,https://www.justdial.com/Ghaziabad/Corporate-Companies-For-IT/nct-11614388
3,"Popular Computer Software IT in Indirapuram, Ghaziabad",https://www.justdial.com/Ghaziabad/Computer-Software-IT-in-Indirapuram/nct-10121225
4,"Popular IT Solution Providers in Ghaziabad Sector 12, ...",https://www.justdial.com/Ghaziabad/IT-Solution-Providers-in-Ghaziabad-Sector-12/nct-10278073
5,Computer Software Development Companies - Ghaziabad,https://www.justdial.com/Ghaziabad/Computer-Software-Development-Companies-in-Ghaziabad-Sector-20/nct-10801033
6,Top IT Consultants in Ghaziabad Ghaziabad,https://www.justdial.com/Ghaziabad/IT-Consultants/nct-10278048
7,Top 20+ IT Companies in Ghaziabad (2025),https://techbehemoths.com/companies/ghaziabad
8,Corporate Companies For Computer Software - Ghaziabad,https://www.justdial.com/Ghaziabad/Corporate-Companies-For-Computer-Software-in-Ghaziabad-Sector-3/nct-10138545
9,Top 10 IT Companies in Ghaziabad (2025),https://www.brandveda.in/blog/it-companies-in-ghaziabad
10,23 IT Companies in India to Know | Built In,https://builtin.com/articles/top-it-companies-in-india
11,Just Dial Ltd Company Profile - Overview - GlobalData,"https://www.globaldata.com/company-profile/just-dial-ltd/#:~:text=Just%20Dial%20Ltd%20(Just%20Dial,range%20of%20businesses%20and%20services."
12,Contact Us,https://www.iglonline.net/contactus
